﻿Name,Tags,Date,Date 1,Files & media
Social Media Strategy,Skill Set,,,
Creative Writing,Skill Set,,,
Digital Production,Skill Set,,,
Content Development,Skill Set,,,
SEO and SEM,Skill Set,,,
Data Analysis,Skill Set,,,
Email Marketing,Skill Set,,,
Paid Advertising,Skill Set,,,
Social Media Analytics,Skill Set,,,
Google Workspace,,,,"Hi,%20I%E2%80%99m%20Dakol!%20850673437a454dfe9baad5b40f02dfc1/Frame_795_(2).png"
Meta Business Suite,,,,"Hi,%20I%E2%80%99m%20Dakol!%20850673437a454dfe9baad5b40f02dfc1/Frame_795_(3).png"
Mailchimp,,,,"Hi,%20I%E2%80%99m%20Dakol!%20850673437a454dfe9baad5b40f02dfc1/Frame_796_(2).png"
Adobe Creative Suite,,,,"Hi,%20I%E2%80%99m%20Dakol!%20850673437a454dfe9baad5b40f02dfc1/Frame_796_(1).png, https://upload.wikimedia.org/wikipedia/commons/thumb/4/4c/Adobe_Creative_Cloud_rainbow_icon.svg/480px-Adobe_Creative_Cloud_rainbow_icon.svg.png?20221002235840"
Figma,,,,"Hi,%20I%E2%80%99m%20Dakol!%20850673437a454dfe9baad5b40f02dfc1/Frame_794_(3).png, https://upload.wikimedia.org/wikipedia/commons/thumb/3/33/Figma-logo.svg/640px-Figma-logo.svg.png"
Google Analytics,,,,"Hi,%20I%E2%80%99m%20Dakol!%20850673437a454dfe9baad5b40f02dfc1/Frame_794.png, https://upload.wikimedia.org/wikipedia/commons/thumb/8/89/Logo_Google_Analytics.svg/1126px-Logo_Google_Analytics.svg.png?20210105194419"
SEMrush,,,,"Hi,%20I%E2%80%99m%20Dakol!%20850673437a454dfe9baad5b40f02dfc1/Frame_795.png"
HootSuite,,,,"Hi,%20I%E2%80%99m%20Dakol!%20850673437a454dfe9baad5b40f02dfc1/Frame_795_(1).png"